,50s,60s,70s,80s,90s,00s,10s
about,0.020190532263150384,0.05023817997195928,-0.05761811358711123,-0.03873889638640748,0.03717103967477546,0.0048246178866220586,-0.016067359823007606
abov,0.2200806353822672,0.012797588018925915,-0.25579364119534925,-0.10283285170810944,-0.06463109514747924,0.39234484606027015,-0.20196548141059445
after,0.23720686058233087,-0.07805284381923082,-0.03635139692886848,0.010964662148503166,-0.04586123277711585,-0.10808330735028014,0.02017725814466296
again,0.08597646046455032,-0.03025289593604746,0.022068193412323574,-0.02854423252620337,0.03760120271542927,-0.033722947088562556,-0.05312578104147684
ah,-0.0048787553420165004,0.039458596272652094,-0.046186196636390606,-0.07526786047049525,0.045462824261752986,0.004024769154983415,0.03738662275950171
aint,0.055082687684570995,0.16104866697806614,0.004233846888172899,-0.07014886853237012,-0.03747687610640151,-0.06257690762029927,-0.050162549291681034
air,-0.6662305868249878,-0.18820168384030952,0.2845778123894598,0.04780507701475045,0.12016101374259416,0.20873361920383196,0.19315474831463142
aliv,-0.13794842369608898,-0.19684616854840456,0.1517226891311127,-0.009809392090279472,-0.016377157183302935,0.09489204069147666,0.1143664116954524
all,-0.04765027161659208,-0.008782801947770914,0.0002303581219827672,0.022924505597068996,-0.022280675342224693,0.02617128643652095,0.02938759875100327
alon,-0.08828768509883296,-0.1810194899537895,-0.044970499887934945,-0.008991151649288457,0.10989843841105733,0.09860663913340359,0.11476374904538732
along,0.25618694281432564,0.12505650648864733,0.143713823541371,-0.3719645155218958,-0.022934042452716213,-0.026752307586144223,-0.10330640728355678
alright,-0.49157005871517234,0.05573350202257487,0.09352059053886182,0.11008187026969263,0.11002443105219249,0.06278509703626618,0.05942456779556211
alway,-0.08380154270077711,-0.15520072864236464,0.016409564562015633,-0.014723610129359393,0.12866357784871457,0.141092816433797,-0.03244007737198268
am,-0.10128220893549043,-0.11533147943092588,-0.005185094994964829,0.06077849307487765,0.0534805120251872,0.019654783309008106,0.08788499495229168
an,0.10960822902677597,-0.01793067732542292,0.10475852765764095,0.04069993661825139,0.01799142690520024,-0.10818497025894214,-0.14694247262350596
and,-0.04225483268534396,0.05494871457760988,-0.004978567991667731,-0.0264245293667493,0.004205406995562725,0.025607183360691187,-0.011103374890159324
angel,0.05676637913863722,-0.31003381643625577,-0.10588422654395845,0.047990111502360974,0.14069640912128267,0.09857847671137669,0.07188666650661216
ani,0.0539461905539846,0.15980993250087958,-0.2963919542523786,0.09823735078268231,0.03410023657000938,0.032199597678442715,-0.081901353833605
anoth,-0.2705725510624413,0.04363895514248215,-0.1398274097367198,0.09519932589702963,0.0843197830425103,0.06637350181170855,0.12086839490543781
anymor,0.019658991368667618,-0.1655656815756686,-0.03610014501714896,0.030123511379727384,-0.03647319537107144,0.094557045356888,0.09379947385860357
anyth,-0.42942227784849124,-0.3600397304125253,0.0220277980737836,0.1580766047778542,0.186995851270173,0.20396808980162823,0.21839366433749693
apart,0.20753556253311797,-0.17737315800104272,-0.41126083945436576,0.11380135705289991,0.17120442139646788,-0.07289194427961865,0.16898460075259508
are,-0.09058415166582129,0.028918582441377752,0.006945166340655964,-0.017940953041142984,0.02660180458898764,0.003843157891319153,0.04221639344464025
arm,0.033513228548314844,0.11585111853337492,-0.15797498235693022,0.03796062002986645,-0.004779813569799352,0.1489681869624457,-0.1735383581473113
around,0.03628051840047238,0.06562586148138591,-0.05770860707924491,0.010308461888069546,0.03946833078734007,-0.033820186037560956,-0.06015437944043948
as,-0.0021686584856558328,-0.03247481345582583,0.040870526456172604,-0.018125696040570616,0.016753125082735656,0.0033380343643212526,-0.008192517921172999
ask,0.03725565636106502,-0.13739176260130867,0.036964846081718496,0.08992737354921808,0.10303360395931696,-0.0630819647802726,-0.06670775256972303
ass,-1.0760397883535164,0.4487940779668323,0.19674089651852625,-0.8684879025189497,0.35201699849817025,0.5407915065207227,0.40618421136819305
at,0.08686495510226995,0.06585422921175094,-0.06774516936484441,-0.03120298363451819,-0.05652098922342613,-0.016981435620269682,0.01973139352903844
away,-0.04589220493007254,0.021678053507490164,0.0210684364648411,0.005125729827251869,-0.0031980990734590707,0.006304471415431864,-0.0050863872114922225
ayi,0.4474133336782353,-0.3868901002878604,-0.26122530027476276,-0.5664918472532884,-0.1685763992992738,0.4862664318496998,0.4495038815873628
babe,0.17310577706705918,0.09237141804815514,9.058724017133638e-05,-0.019653037680844462,-0.034022273899257355,-0.1186896756211365,-0.09320279515412382
babi,-0.029640846715838685,0.013074932707199106,0.0032909617647634017,0.017056338760084576,0.022822574768319857,-0.005553365627397286,-0.02105059565713834
back,-0.10748541803904253,0.03186807952154891,0.020750696075299484,-0.0035786476809897398,0.022703408947053423,0.0061225078435833144,0.02961937333253046
bad,-0.03764789770925829,-0.01162683783425594,-0.0012738266814883799,0.0321526856792728,-0.06666754109165285,0.005194245726274979,0.07986917191109452
be,-0.038555130533701736,-0.012804301087913927,-0.01949492563019759,0.01724110905521988,-0.008462691647870686,0.02577747215661426,0.036298467687843505
beat,0.020246900114058882,-0.2952846088632868,-0.43001030942693225,0.1948545833807221,0.1663488733136223,0.16889712538557042,0.1749474360962326
beauti,-0.05624831714968668,-0.0022189960563690023,0.015195504693128165,-0.05790789667581528,-0.1348662964079734,0.08712255727319115,0.14892344432353238
becaus,0.13761999973579087,0.0812781492435695,-0.09198267455205196,-0.06992284075997907,0.031072049652136346,0.04340970269606954,-0.13147438601556927
bed,-0.558576820538921,0.08608948095611742,0.05818830273899391,-0.07766438286397796,0.14617672042748237,0.12115826529615858,0.22462843398401627
been,-0.033801079341508465,-0.11545110386867809,0.02068534437458832,0.011611695626302354,-0.10638570391997808,0.016280024837174997,0.2070608222920928
befor,-0.3528461136108408,0.18618139533821781,0.014959646928731592,0.08109176446936786,0.13418742846986004,0.04564546929324391,-0.10921959088864175
behind,-0.3522627268865136,0.3628571776921916,0.1540508521036185,0.07289245527090026,-0.05219111833295652,-0.03323749147175864,-0.15210914837567116
believ,-0.07932211041294839,-0.08719043321340031,0.040651176064700666,0.05283916741504627,0.03462342289534074,0.05583314429737241,-0.01743436704611185
belong,0.022199000226266075,0.0007107829137873074,-0.004303721788209244,-0.03170313834226406,-0.00839997909728407,0.03285513440684012,-0.011358078319155338
best,-0.02089061770614514,-0.07845112819625227,0.04038715881997201,0.05390948171937609,-0.020965262270123856,0.048378500212753334,-0.022368132579583512
better,-0.7935201986137518,0.0891827066260985,0.021010782455934976,0.14531812666930563,0.10359357659570845,0.24018650251874277,0.19422850374804923
big,0.0646297209222002,0.038738164597441366,-0.03520729146854765,-0.015441538172183137,0.025541602403644913,-0.05227395029308905,-0.025986707989473654
bit,-0.05093906940426181,0.08851489626641283,0.0646214622066408,-0.032372909212996855,0.013091245260020987,-0.03484899533511024,-0.048066629780702974
bitch,0.29875508520779387,0.03327681381948977,0.2347437170096106,-0.5505018624508227,-0.03089421438838622,-0.0684419920793994,0.08306245288178735
black,0.012986588052928204,-0.07452054282007593,0.019431946033495285,-0.06824745711782922,0.05321930098644959,-0.04474505021800783,0.10187521508307765
blame,0.026645522385939473,-0.32722644017532004,0.05910170833412891,0.08534475134328127,0.04502976396303637,0.04782178262692661,0.06328291152199869
blow,-0.13306222123213277,-0.1984781791734133,-0.04064926033117242,0.05510342487097809,0.06274681778788747,0.020892335130703096,0.2334470829471507
blue,0.2812167537090586,-0.00391148206473563,0.021359380398363027,0.027043943406431337,-0.06639058532049788,-0.029245127649686727,-0.23007288247882804
bodi,-0.5158846928536198,0.01017644325635237,-0.11847337585772601,0.010858124811524818,0.2276240979990442,0.17612466852630823,0.20957473411805924
boom,-0.07645350310714226,-0.24084719792379933,-0.22063420736151906,-0.09559667306608799,0.20571832520256422,0.20615599644037094,0.2216572598155375
born,-0.010910992907267205,0.01944886964114172,0.04012106182078393,0.016046808041075597,-0.2709645975127486,0.0923136630632347,0.11394518785379038
both,-0.1940577076381053,0.2085819347646551,0.29485189967019776,0.05714510603030212,-0.3526109096396834,-0.07748564080946177,0.06357531762211688
bout,-0.2762453105937691,0.04774017287968542,0.0030393450930301666,-0.16878852963430835,0.09686605005101157,0.12572830013727582,0.1716599720670697
boy,0.017744128209529527,-0.04415324202147806,-0.008733853084002917,0.02222702445797587,0.00423294857317815,0.022029450163014604,-0.013346456298215674
break,-0.032014504215642565,0.008737516125812894,0.023935419051311316,-0.05293595168696592,0.014417860765431839,0.032304806172717325,0.005554853787320919
breath,-1.4401938262719134,-0.17292173187759896,0.05920026617340308,0.3303094615026917,0.19984257710596956,0.5440033230980149,0.479759930269557
bring,-0.20625436675760317,0.10507529563760203,0.059499237446712434,0.04404950950891918,2.262164299952559e-06,-0.008196245603326846,0.005824307603400155
broken,0.07780864848413625,-0.18880526087336635,-0.09312344471129158,-0.0055159782657536,-0.1456182425544657,0.15104867545073902,0.2042056024700154
burn,0.08998767379735657,-0.051284441514045806,0.05097415731041656,0.002100453382078608,-0.026956787282776912,-0.02482995711207786,-0.03999109858093681
but,0.02780337495174127,-0.01196703150322663,-0.04750531949965587,-0.10461494204580814,0.014311395857406541,0.06147126577169064,0.060501256467808566
by,0.024917972401114586,0.06304701314740267,-0.03782722996462584,-0.020754597786023756,0.013812221153511422,0.042409478660042924,-0.08560485761137002
bye,0.4237453563561151,0.04885631953325365,0.28085271896985525,-0.9769860944347308,0.22277555028340643,0.3193119734301624,-0.3185558241380697
call,-0.14955685122750573,0.00615157229568175,0.017596545053804678,0.0563454375257599,-0.002551725045282136,0.04868612030031988,0.023328901097209805
came,-0.1641250287492932,-0.013226635944902044,0.08283663150663878,-0.05559475825556781,0.0352603716242373,-0.060813329026406356,0.1756627488452149
can,-0.061521000449049464,-0.032153523225829025,0.027908200053029044,0.014132572853634727,0.011292991829710618,0.027282548431295385,0.013058210507188311
cant,0.037228423551902756,-0.025156926767322344,0.01253967774552543,-0.0748307983906765,0.026407817968761307,0.023410843224295052,0.0004009626674932204
car,-0.1848208147307533,0.0012219737223559003,0.0956496534198246,0.05035069006620451,-0.03586509172764209,0.07741739129674798,-0.003953802046787791
care,-0.006842002854964657,-0.07551881712258904,-0.0549691872252991,0.039314170291216435,0.06129675291862319,-0.04851873030823945,0.08523781430122909
caus,-0.017308445316759017,-0.08427186215174587,-0.08336450873375546,-0.12868648568074903,0.023008344661651525,0.10821715102806774,0.18240580619332172
chanc,-0.2811809770615603,0.0854185419220355,0.0484876578175329,0.08590528918473055,0.09965969889656162,0.187260931190678,-0.22555114194994105
chang,-0.06837099825034945,0.065784288537052,-0.06743509760351933,0.057300854325107994,0.01305254984013168,-0.03404507462286624,0.03371347777442507
citi,-0.8142651754681755,0.1803336369136272,0.2693051039595324,0.03741638693768966,-0.08632254595779454,0.0887930812312282,0.32473951238387877
close,-0.0819830948545178,-0.039618680476866966,0.10215690444878946,-0.15183571402936646,0.09610124502737122,-0.045669551332480095,0.12084889121711874
club,-0.08030805772799886,-0.4889978509892993,-0.9973787295584973,-0.12417570885155964,0.47353262764590404,0.6569192263649143,0.5604084931168718
cold,0.061809758837887085,0.0778787516992068,0.020026137428470692,-0.07659922154908964,0.010481608862407977,-0.04932822361272394,-0.04426881166616861
come,0.010336512561302857,0.00024958469761745915,0.012595995205979572,0.0025767665932150854,0.03777572227035391,-0.01170609577686577,-0.05182848555159839
control,-0.37898643774215374,-0.05204112325038849,-0.1648598865717094,0.14353330656425906,0.16095050974326175,0.17200784603522762,0.11939578522155372
cool,-0.13882900890167763,-0.01623955396843614,0.03814099341348432,0.04545345168205207,0.0025514043534588535,-0.016110623210793967,0.08503333663192096
could,-0.042358060552580755,-0.020267467000418857,0.01321295642731121,0.008368519385628184,-0.013344798236741442,0.057442391005053516,-0.0030535410282618637
couldnt,-0.19773897119023917,0.17914389783852228,0.173423888436664,-0.01695564196555378,0.008991796576514303,0.07840094463074529,-0.22526591432666407
crazi,0.056652990238433155,-0.0002814043836299472,-0.004127530130572844,0.015547725563533083,0.06639062064678694,0.012467772584571386,-0.14665017451908485
cri,0.016566160234080817,0.0320702091459796,-0.06098407382591081,0.03094442087217561,0.01757044451174661,0.03566946576420907,-0.07183662670228715
da,-0.05039398938844202,0.0007612828718828043,0.002900882713331957,0.01707011907337052,0.032038050354432905,-0.015276990266403565,0.012900644641833277
daddi,0.16458708408078151,0.021568902699943316,0.03610176447041359,0.017377964010190688,-0.027244162249175873,-0.09401597483618672,-0.11837557817592267
damn,0.0937253979044755,-0.10805378096153144,-0.05393469722141436,-0.7192707571346225,-0.006152321674576508,0.46392801279222706,0.32975814629530786
danc,-0.004519820023527753,-0.0024580889604387036,0.04470368413051699,0.028339638042478948,-0.0872739070001036,-0.019410064975832836,0.04061855878690606
dark,0.5492427973959302,-0.2094371168367556,0.06377870700704268,0.008474880292281634,-0.486152832549446,-0.15221226621652204,0.22630583090749262
darl,0.1853255684194452,0.19055326503697417,0.10387053935333601,-0.19884313630533218,-0.0705070236609782,-0.1314990731449168,-0.07890013969849206
day,0.0810208661271423,0.02604715774951745,0.013558544167797311,0.006018609858013233,-0.0466713858399341,-0.04785207273147921,-0.032121719331042374
de,-0.2024867284601476,-0.11276088907804406,-0.14203610734519043,0.10851878933978386,-0.05562827483289862,0.23515698746394814,0.16923622291258356
deep,0.18851404785170406,0.14200360835974724,-0.2755986237638417,-0.028601579643159195,-0.00541849470192854,-0.038012528151706665,0.017113570049234483
did,-0.06960891573098783,-0.11875646034662568,0.005330498679028534,-0.035834802401290326,0.10147517144775475,0.07491537724182303,0.04247913111027875
didnt,-0.04064479639963012,-0.1492691096734343,0.11622970441318602,0.08354545007230539,-0.10984360348282458,0.03829242871061348,0.061689926359807405
die,0.03164305393736275,0.031101388130390425,0.16311745655514007,0.024396564250311604,-0.005556505443530389,-0.3787470677107815,0.13404511028114885
do,0.005614833222592697,0.03267164917388085,0.02683341200931715,0.011554245492937376,0.010260726168828716,-0.024552432415107375,-0.062382433652448784
doe,0.035149872798586536,0.08128649583538741,-0.06033784973512476,0.020586330571579815,0.03478556498225467,0.0324136820925998,-0.14388409654527307
doesnt,-0.06488526357838567,-0.086269169576836,0.14857272623698106,0.019464833494755963,-0.03280704428296149,-0.1063141061985218,0.12223802390494111
don,0.5160470543208459,0.050231390629010615,-0.01595651830593538,0.009330644746783417,-0.0860774482811337,-0.49195300829465954,0.018377885185087102
done,-0.1340513401356711,-0.02423349366511473,0.08106939929983936,-0.026650475221033795,-0.06743608920017088,-0.015899161899847237,0.18720116082197927
dont,0.019472596868398664,-0.017523832502379804,0.013675324970069838,-0.000872070190078364,-0.006071282134314373,-0.0010064092305500875,-0.0076743277811246015
doo,0.06649062009972867,0.03773148511515879,0.03752120198069007,0.08595862010659469,0.08449863853860334,-0.21020839938753505,-0.10199216645325736
door,-0.17348543219168913,0.02187287582769596,0.05687309616136343,0.16305009545531135,0.009549656244675202,0.032224129609316296,-0.11008442110665104
down,-0.04225374997707604,-0.005915720669174221,0.01843739243661386,0.027016086092902705,0.00010002285006841106,-0.006249980301007384,0.008865949567663437
dream,0.1126817026901144,0.024184269805247724,-0.010949888555196626,0.03284819151375637,0.03467872162269206,-0.10030057901461877,-0.09314241806197242
drink,-0.6326338040281543,-0.007073182839440139,-0.02696997519008724,0.20693723009583925,0.18320036107002918,0.05618887935807839,0.22035049153386757
drive,-0.02309184646774824,-0.48671972197524394,0.0436205922367979,0.016540330204364823,0.17737625833193776,0.1422185182898851,0.13005586938003688
drop,0.022619325982618343,0.16336487590088372,0.23534275345926087,-0.5230316587700254,-0.060684902909341795,0.03131128698134729,0.13107831935544326
each,0.30975653422375266,0.11698890417048127,0.18911896085861274,-0.10006597704485204,-0.12933112096486657,-0.1494486227613573,-0.2370186784818203
easi,-0.11641197338483872,0.07630200375392403,0.09814253578433499,0.055974607378516075,-0.09584877285652697,-0.08509725885199987,0.06693885817658003
els,0.6220087859884639,-0.029292023458865207,-0.3261716038118326,-0.09283871670092415,-0.09823831616538523,-0.05651144120664079,-0.018956684644876553
em,0.2398950492232842,0.07337326254973663,-0.06084891283057607,-0.18934186148036378,-0.09547749914349499,0.02548628567711326,0.006913676004286845
end,-0.011292457077189733,-0.03477908025847782,-0.0008919297531549163,-0.023872481426733233,-0.04869698862487066,0.16752936980652194,-0.047996432666105926
enough,-1.0274178765292035,0.13162410392167118,0.16289293608181157,0.18627846246287208,0.19489531315258113,0.12995126650130245,0.22177579440914014
even,-0.27684521392855344,-0.1036210867085604,-0.0976744757645382,0.11152604974566155,-0.006150012607049384,0.1987738776121489,0.17399086165099711
ever,-0.06336989907206117,-0.04061901422246287,-0.050410241249992875,0.015219340035777152,0.056423184308253785,4.147852147309267e-05,0.08271515167901199
everi,0.0035324825428228184,-0.05087485552317643,-0.1205961708080947,0.05034848075006804,0.0222475162878839,0.009069991038325816,0.08627255571214305
everybodi,0.02634974649460454,-0.009231334973754323,-0.025859368621728825,-0.017788361145078344,0.021625496278677315,0.0004970974143998498,0.0044067245528822425
everyth,-0.002566114742052978,-0.018274784937158953,-0.07065240355403159,-0.026041551532899904,0.03808268703797492,0.10905669729403744,-0.029604529565902604
eye,0.0887635854478323,-0.035718174162062084,0.02120609366685067,0.15183922418429588,-0.04954580493701717,-0.12414205082336059,-0.05240287337655899
face,-0.5287852952277468,0.03317391304958131,0.14191529147620643,0.09794648990897299,0.11450959542421803,0.12403810888208427,0.017201896486817452
fall,-0.19442350580589554,-0.03295952458444952,-0.0901963343386421,0.02954106903733995,0.08729921431593524,0.09810013539207857,0.10263894598364069
far,-0.18974883230164022,0.03168150751049217,0.04300188373817767,0.08760667685274938,0.013945878369608578,0.039950859651269266,-0.026437973820687324
fast,0.363116599918185,-0.31959828675478097,-0.12880107667424576,0.05119157545100727,-0.03795796890719965,0.029080507791957113,0.04296864917508004
feel,-0.029618136219187872,-0.03131353487182827,0.014469098955291181,0.002696447358914777,0.02812975238862209,0.008834828771223468,0.006801543616964296
feelin,0.032134042457246895,0.040983441333882834,-0.07814034811364542,-0.12555106572999114,-0.03975218207872948,0.039452652605886304,0.13087345952535162
feet,0.007408783557150041,0.044040579475744246,0.14431291415820371,0.055054528870898733,-0.005300743111752517,-0.08462528140313541,-0.16089078154705683
fight,-0.27652870563003745,-0.12866272815530871,-0.17078562817066845,0.19045386085498703,0.09344798846652229,0.19467930874764403,0.09739590388683517
find,0.0631436198191291,-0.05344310902303256,0.03583749959101276,-0.015882676977649713,0.014310153923719782,0.011373944195655173,-0.0553394315288264
fine,0.0917478096661523,0.074372907307489,-0.00028990731597966436,-0.029215131818622505,0.03373793666843727,0.07587361119342917,-0.24622722570092415
fire,-0.24774268065515878,0.03285839979072621,-0.076035011586879,0.07722979139507935,0.06197765115917192,0.06890051814968622,0.08281133174739731
first,-0.06810771053567997,-0.08662480425679246,-0.04785376805015293,-0.045036267628974225,-0.12014974359223451,0.21991608945928495,0.1478562046044803
fli,0.14882538317614166,-0.17907501791236932,-0.04524976678979346,-0.08323546727807583,0.09284692893259551,0.02833227978042892,0.037555660091034886
floor,0.3399723741372774,-0.726458120579189,0.15586453482955992,-0.0941814220587273,0.11066134447937026,0.1795283372148577,0.03461295197696223
follow,-0.4499312106287021,-0.02889405667496536,0.07680608936274518,0.03274851757041517,0.10828856638706452,0.10829209214506233,0.15269000183837597
fool,0.2039257323025691,-0.029258446902354993,0.1981403489917145,-0.05394002524545646,0.09771347089122064,-0.07992256805966379,-0.33665851197802615
for,-0.06882714054082525,0.07868495132765932,0.0013501761659716499,0.007158982306888043,0.005913141730424037,-0.0022143519822949314,-0.022065759007820367
forev,-0.13312515530186583,0.11674945258314536,-0.06066569609716495,0.028441446935084408,0.06427064469937012,0.0684533036010766,-0.08412399641963515
forget,-0.0197403066029501,0.16949523311120815,-0.14411745505441909,0.07067829745170819,-0.07917054184373733,-0.021156252138122864,0.02401102507629103
found,-0.17592496492615475,-0.06150456641520404,-0.1199171740821531,-0.0008222272633750523,0.08266259809492832,0.14737446346118596,0.12813187113074026
free,-0.34364832339476525,-0.13755862206771435,0.0965130014834411,0.14319036213861047,0.12824089841391548,0.05905343343667107,0.05420924998981685
friend,0.03733082323320362,-0.08554466678848988,0.08548038461924161,0.06309176018690602,0.0153452498803678,-0.09917382877018016,-0.016529722361013577
from,0.09795464966581383,0.01995448351159697,-0.07730805192326025,0.013034506505131724,0.03453677591115314,-0.06915928011311646,-0.019013083557338103
fuck,0.6431728907932492,0.06895733659049005,-0.06985219571454715,-0.6414663926918792,-0.039948827169356944,-0.03829972371146457,0.0774369119034891
fun,-0.01726045086618652,0.020848981665553223,-0.10586372881767882,0.04651484225668062,-0.0271008940232956,0.07591157273241286,0.006949677052516858
game,0.16429949821493897,0.23177864935586934,0.007068607629586093,-0.0367167472716082,-0.029532965410818207,-0.14553696214076706,-0.1913600803772225
gave,0.3212481612233472,-0.13202195956909582,0.25996619715083913,-0.0015535497989569364,-0.09316052347984433,-0.2860408235626769,-0.06843750196364268
get,-0.09050628410773284,-0.012567352925164086,0.028189380843445886,0.018111652644348396,0.04194306310203051,0.042587335846924756,-0.027757795403885982
gettin,-0.011291930694453367,-0.06336318694502463,-0.11483520939032087,-0.2796762991707335,0.20365128916412656,0.17023283650970092,0.09528250052668405
gimm,-0.23654409574667243,0.04214198044996382,0.044629874927699265,0.04304528678548247,0.08159986433673705,0.10730027922358436,-0.0821731899767706
girl,-0.07185955482847838,-0.0027640839790771784,0.031862056361557665,0.009685020275323789,-0.021976468146229094,0.04938097516880074,0.005672055148104165
give,0.09562838342569581,-0.026307497867008145,0.011381936691817175,-0.006209494701864833,-0.01601917598320223,-0.04253783614063546,-0.01593631542479869
go,-0.00324367692109961,-0.015561694346873028,-0.03992710756199123,0.001475711245091247,0.002051158946500545,0.04215561799042047,0.013049990647969174
god,-0.006926229253790739,0.13695432455720344,-0.04636065273296122,-0.11080044589264132,0.021078119175406,0.06350990423942171,-0.0574550200926833
goe,0.07716476697960184,-0.16482190101235966,-0.08619223775603112,0.09410279810315425,-0.03012631417982916,0.026249886035583037,0.08362300182988343
goin,0.13970298232120945,0.006089141266746143,0.040745770058473046,-0.21461567578321353,0.07267219397994928,-0.12282816290317394,0.07823375106000907
gon,0.2400293806928218,0.3710663354895573,-1.2024137426221024,0.01862000719061466,-0.37443579457510306,0.4786857042937817,0.4684481095301739
gone,-0.30717147143205287,-0.011992561436397469,0.06725316249471529,0.054055334775420016,0.010903585692223747,0.14035724760812274,0.04659470229793648
gonna,-0.02222870963413602,0.011813950918656158,0.05213498321624748,0.04089682382724762,-0.00931712702979604,-0.020934266927678816,-0.052365654370541866
good,0.09275404160452634,0.006971090886523024,-0.031892256275734304,-0.027706752824703067,-0.025087817356097844,-0.0257980233380744,0.01075971730356692
goodby,-0.2184060577312281,-0.1757219407410917,0.138702801293368,0.0886861905618055,0.04128912312623311,0.08183345671589026,0.04361642677500039
got,-0.04852705116871897,0.019353242113334966,0.01021367988564878,0.02048030577842685,0.005635284681553964,-0.00417053479280355,-0.002984926497460566
gotta,-0.12113060558880026,0.06626428315248162,-0.0005310626649941495,-0.09723996704313054,0.047907188732424805,0.045997877782996736,0.058732285629008674
guess,0.13190951026753772,0.08247633392104917,-0.25301151995361754,-0.07712602187297184,0.12283711228708664,-0.0959716660374637,0.08888625138842227
guy,0.15350832836353792,0.1567652358764049,-0.007384063138808436,0.03402169619405199,-0.17182217812876874,-0.13579033933040585,-0.0292986798359761
ha,0.04406315376321592,-0.012481608294074978,0.0976024373118265,0.08606703388815125,0.024452789591020634,-0.005062544792714244,-0.2346412614674688
had,-0.016553835368534765,-0.09212174753637829,0.05590877266773004,-0.054441830065354774,0.02070216383208892,0.045978896324423854,0.04052758014601342
hand,-0.051162306725004596,-0.0936009878293076,-0.012640524888436743,0.058385161404533856,-0.019346122136571855,0.038727585599668164,0.07963719457512089
happen,-0.04650100906031522,0.33707327592968217,-0.007369154353365576,-0.051292278497170135,-0.018678792021180605,-0.00503055625691071,-0.2082014857408599
happi,0.1149786941377815,0.07995767055485993,-0.0658050616172069,0.08160139568109685,0.07021308151749668,-0.07160731878433703,-0.20933846148964078
hard,-0.036389798186077155,0.001591666396533856,-0.07488379429751635,0.06426053935533844,-0.029666713772450188,0.02594091068800946,0.049147189816160064
hate,0.03906393326353905,-0.03548336947321091,-0.23613225035766297,0.0747302705993675,0.012398739506730955,0.011248710548425939,0.13417396591278347
have,0.01291695982618319,0.058118859734581925,0.0026350716972473615,-0.02038580579656537,0.050404759451346856,-0.018097445499587094,-0.08559239941318537
he,-0.026106384477870097,-0.005356192223328247,0.05893003502552037,-0.012253483209167259,-0.03553477128487429,0.023727596114864993,-0.0034067999451452813
head,0.10550294345296599,-0.06920095436528169,-0.03719818965826584,-0.09953764705876134,0.05386558923515109,0.00929552728957013,0.03727273110460226
hear,0.141979564778279,-0.2115751513063756,-0.010137021307434744,0.046771107537828094,0.06746577731393716,0.0037123423764918654,-0.03821661939270464
heard,0.10395039247571457,-0.04977119667105945,0.0435777446256936,0.023869497410875417,0.0036599658911842846,0.06759415880493391,-0.19288056253732794
heart,0.12496090196518524,-0.04425910484017392,-0.08613642157724566,0.06342225128495972,-0.031417621795928774,-0.027336939572910043,0.0007669345361389464
heaven,0.15203733477813441,-0.00320177335502991,0.006532179016615598,-0.010282019293054575,0.07408843390992952,-0.11795823877410057,-0.10121591628243254
hell,0.23191691900264902,-0.14833497554961755,-0.2579585830609419,-0.089638195468817,-0.03211122052928959,0.1432821607017707,0.15284389490425582
help,-0.003019618950994948,0.06490190586587662,0.08353827930136087,0.06418389905015823,-0.051146755911504825,-0.0325248324468041,-0.12593287690812124
her,0.06289196774634634,0.008667885959188893,0.03849809955740957,0.009807035092093172,-0.04213385581803378,-0.062315182640354336,-0.01541594989663324
here,-0.15755153583541295,-0.07858588631329308,0.05405322330744814,-0.02145477272843347,0.0794622390978253,0.04709025334487017,0.07698647912698696
hey,-0.0014921705535743768,-0.03193332515498336,-0.028099902891345584,-0.006569396547653942,0.011165270301880236,0.00965050453285822,0.047279020312829545
hi,0.20944287161270603,0.09180124785039927,0.09414586138161929,-0.05044604575769285,0.09123699319221663,-0.13499235491543948,-0.30118857336379107
hide,0.10587523689496178,-0.07268842581656168,-0.11238106634485048,-0.003768516689226667,0.02743409272237357,0.022064816798008605,0.03346386243528996
high,0.1186087085090541,0.0511714845750132,0.013575765131978612,0.01814111824074052,-0.06763768011036451,-0.19088479630407398,0.057025399957606436
higher,-1.2811276830545688,0.14696939488612434,0.18667252685377572,0.2690760562685591,0.10620813639506832,0.22860365622765175,0.3435979124233921
him,0.06624946451578449,0.002753315999801545,-0.061726207119641684,0.04991455039231887,-0.06835537901859409,-0.07160293095721487,0.08276718618753628
hit,0.04843703501255002,0.07590653723222957,0.08666734726192253,0.10566799735826515,-0.06863054763432068,-0.0813353752772466,-0.16671299395334188
hold,-0.033294575045445196,-0.1389497626838313,0.07005031576251584,0.048417664679362114,0.031450417151322005,-0.02550265261175344,0.04782859274780426
home,-0.07880174220392477,-0.0031601728133586918,0.052607823282638584,-0.039384640305092034,-0.03134272450996816,0.040336471388112194,0.05974498516156805
honey,0.138091177106395,0.12356874976181742,0.18506934708019443,0.11474285133371012,-0.04208569696928877,-0.3926932930325908,-0.12669313528032916
hope,-0.1960650969484105,-0.2846658360664286,0.03561477837113345,0.023679719369846003,0.1168322156041319,0.13416890839655957,0.170435311273212
hot,0.1946363687430343,-0.3023525515574024,0.06806101400150785,0.10424505906073508,0.023474516959156165,0.03503973741487309,-0.12310414462196496
hous,0.23088727730478067,0.04317432330701323,-0.08567209379119238,-0.012295069241742224,0.03373501437554734,-0.18193439218399135,-0.02789505977052928
how,0.04180443842120496,-0.0033620285805712096,-0.010940775359100135,-0.019584804099618377,-0.007170186159393548,0.024905548941213128,-0.025652193163726463
hurt,-0.6615825284789515,0.07105769404501022,0.07269876858716356,0.11603336777101352,0.12808159690666351,0.13543975663053506,0.1382713445382375
id,0.09680660575462458,-0.04579719416000962,0.05147127841757308,0.032686601313362776,-0.03144708052799144,-0.07101209562089048,-0.03270811517667937
if,0.007029910550472431,-0.024672012552718114,0.01403014995779362,-0.014495077342567119,0.03129193487107502,-0.023352653457492156,0.010167747973455968
ill,-0.0030972603916311135,-0.030114036206419007,-0.01231906644189072,-0.03290406598852802,0.03424000327783104,-0.009596594686714128,0.05379102043736077
im,0.007320612464289984,-0.060421526528365146,-0.06715708592899594,-0.00012924706431530512,-0.004802542198496193,0.056837955538506686,0.06835183371734148
ima,-0.8286171946005241,-0.03114168338198834,0.054414708749234784,0.1805032284339515,0.03001609675310099,0.3421669668124345,0.2526578772339753
in,-0.031876208177155516,-0.01604529936369636,-0.00969301908331945,0.01991603388389667,-0.014543222583073745,0.0278058931671874,0.024435822156160573
insid,-0.3350014886941672,0.06546684043337968,-0.02834073944263873,0.07539492873412122,0.2114387480083763,0.053877648504692975,-0.042835937543789074
into,-0.35666176428508434,-0.12391829684938725,-0.04230700587243466,0.16904123422954626,0.14432153103035872,0.0962379801905502,0.11328632155635479
is,-0.057869261932950264,-0.03402311754636419,-0.011576815572905597,0.027293620857993483,0.04993047197265588,0.007980983429727351,0.018264118791845262
it,-0.09842159089313142,-0.040474400918387145,0.01242544414174569,0.022565079672052346,0.03320760646167559,0.033759388038537425,0.0369384734975298
ive,0.004137612333542017,-0.024667179147416007,0.005049377301331708,0.06604288465243101,0.03805095475475821,0.0011515802968671233,-0.08976523019148105
jump,0.09718399182451992,0.026163478102452946,-0.24949307058065104,0.06772909506026244,0.037435630887763,0.012749202553518305,0.008231672152144084
just,-0.022256337507167243,-0.01033713358223805,-0.02782885543086088,0.0511184340811167,-0.04638721741713709,0.019270919541429125,0.03642019031485806
keep,-0.0644501009533428,0.0070650342374565306,0.07217610698360594,-0.01660203889932937,-0.02570233531755371,0.04869107954628812,-0.02117774559714947
kind,-0.40504118866791206,-0.0728234880258053,0.12049766940689632,0.13539146111596773,0.09761648888051414,0.04685020477776752,0.07750885251255604
kiss,0.2283833448797471,0.08239488501456017,-0.10178650610744139,-0.14211466876726253,-0.0002956653837305055,-0.01891584128910879,-0.04766554834678042
knew,-0.25139856082833933,-0.0061875377003676214,0.09527248650892754,0.07397780864351222,0.1580285874198224,0.04817115106126,-0.11786393510477396
know,-0.0980996333732381,-0.011539897335324956,0.0030904988835324253,0.004654139744722211,0.008832202175455278,0.049556487021112636,0.043506202883715234
la,-0.024201914030917968,0.010736009164302987,0.014382135114137499,-0.01927034616890884,0.0030402884232002556,0.006760403010102638,0.00855342448810471
ladi,-0.19695408753513566,-0.050996815920441904,0.2072888006319622,0.13790194856431817,0.0013564884762875197,0.06022019326357918,-0.15881652748049857
last,0.05631465784955973,0.0671268502379747,0.0028363057544577653,-0.08455155511018343,0.0002562528832296844,-0.03532743961013921,-0.0066550720049459965
late,0.15488252201301145,-0.15355087405342596,-0.018315117770427138,0.0168638813506819,-0.0674820529064484,0.11090433786666508,-0.043302696500048775
lay,0.010523656431912904,0.06206233225002869,0.06757048537725423,0.032573329790975304,-0.06598554794922998,-0.014552532139653252,-0.09219172376128532
learn,-0.46879944450392386,0.06988408163313843,0.0024057266672547917,0.14893516470013368,0.040322695803785974,0.00665454366026133,0.2005972320393908
leav,-0.2035852533148701,0.09301455784914557,0.004308168856565055,0.071228042928609,0.013346219403044939,-0.041195251983397255,0.06288351626088509
left,0.21310187230777564,-0.19072320657885414,0.09909881051627395,-0.10435697385971059,-0.10534852733169592,0.06737975860417987,0.02084826634205815
let,-0.13859895544405879,0.004356156357026955,0.007266651606257675,-0.007137966725919363,0.02641270820770786,0.04580329316409067,0.06189811283484477
lewi,-0.1890631017196889,-0.15471920087235963,0.08899938574450447,0.07549147839759877,0.049557680275555856,-0.09687477994903468,0.22660853812348933
lie,-0.10060982009228206,0.04122400774007554,0.009530841329676083,0.03941125334736741,0.03741269477323841,0.0016724186272188506,-0.0286413957252984
life,-0.09150716646717438,-0.09574935833338465,0.04190969093084583,0.02829126829645146,0.03939389490653319,0.05146713126797606,0.0261945393987218
lift,0.010678874931570324,0.13468582596182818,-0.11134268710768461,-0.05043119257380398,0.10296076934131658,-0.051930689915091505,-0.034620900638106994
light,-0.25366865021798707,-0.028648213231276528,0.021754521871239833,-0.036271122292234295,0.0498954488797926,0.07429028610748388,0.17264772888291904
like,-0.12443948477196427,-0.02281821776853328,-0.014201490810767738,-0.012797740833422314,0.013996101595476582,0.06193272571695282,0.09832810687226089
line,0.08176315486011786,0.176501469408289,0.18057393231156527,0.054174457036879044,-0.178119561498197,-0.06424536476270394,-0.25064808735605826
lip,0.6101732303314157,0.00995737505931407,-0.33718426183805433,-0.2026795923450951,-0.6728264629963353,0.3201777709348222,0.27238194085401146
listen,-0.12386489551906153,0.04777576100687007,-0.1351577684507384,-0.011146041426847782,0.07987818823940947,0.08856223312272303,0.05395252302764011
littl,0.09024005931247056,0.048530480674287516,-0.06176138687372414,-0.006942974345005869,-0.03329610113409418,0.000893195345824917,-0.037663272979754116
live,0.06767660002780027,-0.056100725381819046,-0.012596191815915364,0.08818190765253679,0.04942016172082611,-0.07763741086285378,-0.05894434134056875
lone,0.028596193389104022,-0.019098434035354293,0.06593962392137444,0.020205888338355203,-0.012828310077466197,-0.015037289600370546,-0.06777767193563233
long,0.12276807771110246,-0.0025038639324854286,0.010267251947742648,-0.02250888637331851,0.034964613137804176,-0.07909601252573199,-0.06389117996508249
look,-0.22202185412583123,0.04918587982620307,0.00536303872399551,0.07100152970133757,0.02956056338412353,0.018629172446581754,0.048281670043613306
lookin,0.11266657797934589,-0.4695452180367876,0.3246672871982888,-0.3183083381104223,0.11038230994342482,0.29075554050555064,-0.050618159479480236
lose,0.1632357192752253,0.02120517357630458,0.04123135344181529,-0.023999832508631868,-0.14755833659565112,-0.115919063756723,0.061804986567665775
lost,-0.21142054802060303,0.02300335487807273,-0.11782622628218861,0.11159474022412721,-0.06802650016366392,0.11693100157996505,0.1457441777843457
lot,0.3670367345798284,0.05303444383189143,0.08794663405196317,0.08267376519958955,-0.31837348250529746,-0.21150329350946526,-0.06081480164846821
love,-0.03791991231108196,0.01008847033002073,0.03483930469519632,0.02852322553029335,-0.013702546477115067,-0.021595704946057576,-0.00023283682123826234
lover,0.1508537722410637,0.0647403412992383,-0.016568871647007974,0.09507088591211937,-0.014575674523729758,-0.1767782014854696,-0.10274225179619455
lovin,0.013067202822334721,0.04355448787825642,0.04830751962074087,-0.007973275733298583,0.0730235804822474,-0.03471420710199536,-0.13526530796829864
low,-0.07079738680442468,-0.1092593257770742,-0.012375418970713927,0.06188688139937799,0.022074579784201298,0.0435595653335511,0.06491110503507101
mad,0.05684267230351097,0.05098728612975585,-0.164647501634935,0.06858335174089883,0.03702594517412243,-0.04932539491377885,0.0005336412004289343
made,0.18900339144229,0.006494590131146425,-0.026746299972510226,-0.04780067102818273,-0.08035333298800544,-0.09178648414487872,0.051188806560203
make,-0.08154144153279615,0.058920729655335534,-0.030610322080858496,0.03392671415001031,0.012366865737013913,0.03718283113114039,-0.030245377059816374
mama,0.005917517544597089,-0.04550406216667288,0.06380393311225147,0.002792704952687677,-0.05671867621526189,-0.002855446704059517,0.03256402947641995
man,0.02598156301959338,0.055156664351974485,0.0409915062555253,0.019783368927519116,0.06800619151241549,0.01941390159566946,-0.22933319566269708
mani,0.3844412989143746,0.07589237470090521,-0.001847599295904154,0.029798083345246466,0.011000858017479747,-0.10539954954837842,-0.39388546613384373
matter,0.07326097658265941,0.06789300225428709,-0.05279997739707649,-0.003922902452739357,0.015595879574903552,0.06464608075115723,-0.1646730593132087
may,0.21993830298343225,-0.12157256868668166,0.04548751248938716,0.05519406438659561,0.011250648513579112,-0.17271381184827814,-0.03758414783803226
mayb,0.018463238709929514,-0.42538583296066335,-0.0445156223515985,0.14382907897496333,0.006163835826715065,0.1292615112983008,0.17218379050230254
me,0.06064675801839841,-0.03348980296090162,-0.012307895204649321,-0.03182012112270058,-0.012990990871771246,0.0132234039085914,0.016738648232980383
mean,-0.02367499497870737,0.050641694729907094,0.08187558861367812,0.0078113753378061404,-0.06896538227017136,-0.07429664102540258,0.026608359592846822
meet,0.11784428298100887,-0.05318346637728262,-0.0007846489009715216,0.020481755886134836,-0.2250237169205692,0.06924620121326923,0.07141959211845765
met,-0.29893311974413994,-0.010315990832618515,0.24251425409642588,-0.19302113178659405,0.10098625775843287,0.11322338357482736,0.04554634693381433
might,-0.20518876594803864,-0.02602774200041773,-0.029354318061804423,0.09297107320034793,0.10389088671058097,0.022751660886438596,0.04095720521289703
mind,-0.18702094583241835,0.06960506022350672,-0.03924056837204625,-0.0025996603520848974,0.07061279932766121,-0.0004923781213883525,0.08913569312672702
mine,0.14889680661425495,0.05620449070265518,-0.034034776689289226,0.04395319167154614,0.003924225640011164,-0.12680688001024665,-0.09213705792901868
minut,0.23355669847631244,-0.10542915061218959,0.04723853102421168,-0.07678285681547856,0.038483216129190506,-0.07656644445821775,-0.06049999374376878
miss,-0.01769889489834995,-0.09126467710171808,-0.016366320201721393,0.06615194094279508,-0.05451944676438645,0.05064091031738587,0.06305648770597577
mmm,-0.635821662654789,0.10040412153793614,0.10186476548065482,-0.03560106759527152,0.12154158548178966,0.1851199149385117,0.16249234281111447
moment,0.17352149163321148,-0.3180635043421873,-0.04771354802700587,0.025387682486122547,0.004069903802100803,0.130112108874865,0.03268586557283306
money,0.21789966136366798,-0.2174909968518239,-0.03997980028332594,0.061893863688903906,-0.10296831583905026,-0.014801074374331053,0.09544666229594516
moon,-0.051817987329426905,0.2544119349570359,-0.0036751349069661264,-0.3147575992395352,0.04924489867315237,-0.1698535074576054,0.2364473953033595
more,0.11852526027205247,-0.10914940006134,0.002229904838733731,-0.009281768174423975,0.014300880126898192,0.034900665162056636,-0.051525542163972315
morn,0.24434148584813922,0.014194463501907574,0.033615135292564054,-0.04545831809445624,-0.014567027806273128,0.06518460694883635,-0.29731034569066755
move,-0.13939470436511,-0.1144923869293793,-0.05442403007497859,0.02817568840553685,0.08681316020957702,0.15060277710645725,0.04271949564785156
mr,0.10965304938589754,0.028117335121510257,0.01802306031337011,-0.07364301272344394,0.03782539402869545,-0.0037363468451472857,-0.11623947928081872
much,0.06708399414546207,0.0874541706904385,0.01945711828831911,0.0453622625205166,-0.015342697755324746,-0.022415348016352372,-0.18159949987304574
music,0.014458055181913666,0.07964978726751364,0.04616825243938602,-0.0709615104437716,-0.020245573341227653,0.06275721691870606,-0.1118262280225026
must,0.1756157618451996,0.1561905419073646,0.02662738063414515,0.13535048465891708,0.02042933109493723,-0.05547619287655742,-0.45873730726400763
my,0.023459594454471808,-0.0068133266610210155,-0.024848428609600785,-0.05844667287747632,0.0044155080935881965,0.019709879655502558,0.04252344594449872
myself,-0.07279416089989167,0.01734657503271889,0.005588340753601317,-0.05034766755226811,0.06043856625773326,-0.016723357537696708,0.056491703945781346
na,-0.006664515199843811,-0.006342225430770219,-0.0035237130518411593,0.004020322651160448,0.007757826289721684,0.0022976384490713507,0.002454666292492862
nah,-0.8124764825903394,-0.5044735781399905,0.04862499402920013,0.4170037044468035,0.1791100503302201,0.2674979164545556,0.4047133954697094
name,-0.05201746520533341,0.021000421713036312,1.6715662165326055e-05,0.0036358898075764578,-0.02781586679946102,-0.004907048896368278,0.06008735371839872
need,-0.3522181235696069,0.07186349519222121,0.05273909418590907,0.029740735776394973,0.04906745408409836,0.05804882262091171,0.09075852171012107
never,-0.009842832007133583,-0.1115974248591987,-0.04914366170574536,0.046515302706698215,-0.009935537988032992,0.022049564926958302,0.11195458892642852
new,-0.13532161056226896,-0.02454243017085028,-0.013500511204478994,0.04484466964834985,0.022002872364424973,0.0281409142822023,0.07837609564260306
next,-0.004191897114908483,-0.04086980885474451,-0.562965057379939,0.1478413547268679,-0.03153261778718729,0.14175513152155275,0.3499628948884394
nigga,-0.3145061005519233,0.1876220714977111,0.11494628749008495,-0.5106193646662187,0.37676519784962775,0.10545794670550825,0.04033396167530562
night,-0.067417411085187,-0.019624789474630363,0.030113926999467935,0.03587602727475541,0.010477402691029276,-0.0255646486331052,0.036139492227658124
no,-0.06575739617094442,-0.01002157959997826,-0.003796710589769133,0.0023730373136506434,0.010619112864624731,0.03392653070615496,0.032657005476240626
nobodi,-0.21854317070369886,-0.008000036815999412,0.009662468390095571,-0.04171332802528335,0.13247809040839678,0.028364482997589046,0.09775149374886279
not,-0.11031535437544439,-0.007789752273950311,-0.026957296847202453,-0.039061527182737255,0.07152454399250813,0.07026857366237656,0.04233081302441115
noth,-0.27339955065468896,-0.10474861755272151,-0.027384917271255284,0.11377970499493531,0.11041518010305743,0.07411898295052716,0.10721921743008017
nothin,-0.09285473544257096,-0.13864779028303742,-0.05283424487419459,0.13999774474997095,0.10733452219246742,0.036181613162078914,0.0008228904953301728
now,0.05132346861913779,0.0422339713539924,-0.029987431427149287,-0.03155596883368219,-0.03427389088564404,0.003943395781595829,-0.0016835446082314653
of,-0.026066998536355808,0.013633503290286555,0.009220028976429567,-0.003535489631412758,0.031035778073725588,-0.014653117152341424,-0.009633705020321294
off,-0.12027210336655586,-0.014778171242440583,-0.014008912880075998,-0.10899261458166735,0.0468978479100593,0.08357326888517581,0.12758068527547195
oh,0.031677373316033944,-0.014326292851259264,-0.018206621790735712,0.008650726596611102,-0.01677470128817068,-0.0071387833948295685,0.016118299412314307
ohoh,0.06483595735781598,-0.8392257916283067,-0.49299841165852915,0.15159733899253877,0.24304763478230568,0.4302127729574468,0.44253049919674703
old,0.12596675956059492,0.0604312482495871,0.01319039089618457,-0.08101611608805387,-0.08570585079309624,-0.07776085411937596,0.04489442229411928
on,-0.05253237784183405,0.028681493928229752,0.019083464654077637,0.021472020319881567,0.008243167942995148,-0.020996285378897896,-0.003951483624408125
onc,-0.047300588646341096,0.1698597059515866,0.022133914125721136,0.04887269089307226,-0.22040825081836046,-0.01005642410810729,0.036898952602384724
one,0.01531421204008815,-0.019527608809522565,-0.025438114055878955,-0.036176445143362226,0.02423670791560523,0.03112589255804034,0.010465355495038213
onli,-0.0202713536350208,0.013559980281915952,-0.027739255746126342,-0.025701877432152975,0.036181633446517446,-0.0039128269036797746,0.027883699988550857
ooh,-0.10991958607826435,-0.0007526880337839296,0.03818072286025848,0.01949645613847773,0.025119022268752882,-0.011170197190402582,0.039046270034954964
oooh,-1.2053108129878234,0.25962630335842196,0.22264165175916556,0.20264548506018157,0.1948534113468888,0.19164430276114108,0.13389965870201817
open,-0.25143444006537113,-0.2675171052684188,-0.33713928576184615,0.2291530545538239,0.19364092141202421,0.24132190730557523,0.19197494782407218
or,0.21115414722786674,-0.11043574551477504,-0.16378126956062886,0.005311856668401588,-0.018179224157274156,0.11383036012302047,-0.037900124786627645
other,0.08725810360951201,-0.11245386251122666,-0.11553356253085942,0.03926772370739928,-0.08750111140221055,0.1387960883089169,0.050166620818430784
our,-0.11066463467167886,-0.040747203123785235,0.0002616441930993352,0.04881375291054162,0.04033135970665284,0.022252766237423387,0.039752314747759275
out,-0.022390795763100345,-0.011965022345245303,0.0002265683122475243,-0.01227907246178488,-0.043124754666751745,0.03144165424228119,0.05809142268236171
over,0.019960002961947537,0.003294146092676797,-0.015608432633012502,-0.03581829262668207,-0.03301081723542224,0.049078582992378064,0.012104810448100982
own,0.015349346301220203,0.0019612627063815536,-0.016948526737299623,0.059765469573986076,0.0080846995540311,-0.010622791410762621,-0.057589459987527
pain,-0.3199499776782703,-0.11937122510500517,0.009872354322252851,-0.029412461333947426,0.33638257274003797,0.07897301339548739,0.04350572365955828
part,0.015924593537511272,-0.04954070236662089,-0.1315451970446045,0.14444252727825146,-0.03943229695409266,0.12583787493112708,-0.06568679938155762
parti,0.10932883982116295,-0.17412660908178929,-0.3874837666028387,0.1814871694550617,0.138058721087085,0.07311046544709965,0.05962517987400639
peopl,-0.004062021058891301,0.09212443460085468,0.07217349002880408,-0.0023356462556861236,0.016057482779912036,-0.05821281534748408,-0.11574492474749423
place,0.12218110838697252,0.0767019094826838,-0.0971723008534082,-0.09208958089580654,0.019458642156819708,-0.042661154382546,0.013581376105242057
play,-0.3125620830507017,-0.02094530559546934,0.07896149071578931,0.11147713513411657,0.09940117878628986,0.02980164511410282,0.013865938895791385
pleas,0.05336637516848072,0.07181213585269561,0.05553134827654688,-0.02981697814889523,-0.013965729103334056,-0.0680749067829959,-0.06885224526249424
pretti,0.16868289615158244,0.0409296228328039,-0.1591735185057321,-0.09422309873819897,-0.02785267002320892,-0.024807888921074425,0.09644465720388748
promis,0.07716801258101345,-0.3334279775307233,-0.041718943984856455,0.050670589208461604,0.12375012169648476,0.10500645888955869,0.018551739140007784
pull,-0.06819395429366625,-0.10090688266570802,0.12181008084534405,-0.15923919032602069,-0.08826325395117895,0.06046625321254263,0.23432694717865546
put,-0.05101867611484123,-0.025245769978001525,-0.06536277694189714,-0.026061410370688626,0.04986715005646749,0.0388442456003893,0.07897723774853388
rain,-0.015430553693816716,-0.0732030263499663,0.0026085025237813195,0.08366844471549739,0.022377498420064385,0.039019059229834265,-0.059039924845372994
reach,-0.44483487386994724,0.14469314625701113,-0.009940432980073462,0.12251866812876881,0.09824881118053076,0.11366514141181974,-0.02435046012809564
readi,0.03306759391498358,0.05051805954731394,-0.03771111166461248,-0.07727911551520636,-0.05257107993401879,0.0225884882742919,0.06138716537726661
real,0.0018935433274197592,-0.056999824748965255,0.017448733669481246,-0.010554380949417734,0.06618971597355873,-0.00597763801658622,-0.01200014925551134
realli,0.09383672551930823,-0.05372850010887523,0.010315249986300996,-0.08085637333677935,0.016518927027743168,0.022509981367798047,-0.008596010455480708
reason,-0.48986296392468626,-0.007125802210049809,0.13348309254550655,0.0012450077112902142,0.19230389479788917,0.1456083946843841,0.02434837639570781
rememb,-0.19580062369837795,-0.036285981799117906,0.03918580915783755,0.07899355268407134,0.1035785976600688,-0.08273979480844536,0.09306844080393177
ride,0.023841269653154064,-0.06694115547198226,-0.1018218043384447,-0.005902177470461918,-0.0024595468076308758,0.07750208193923273,0.07578133249612627
right,0.0661024970907208,-0.026584272886966,-0.010888181444838375,-0.0014146631026285199,0.010071593214616849,0.0049096274544765195,-0.04219660032537591
ring,-0.16744024399450383,0.05646522007734368,0.058817423032158055,0.08699833269213159,-0.006994408689956942,0.11588112242452919,-0.1437274455416854
river,0.10573567898751834,0.0320208440632776,-0.02621803234688593,-0.072075659561927,0.007083404664542982,-0.03027989477856332,-0.016266341027998423
road,-0.41487296495749776,0.12371160592551697,0.01601231812831285,0.017056327743305254,0.13890993687045708,-0.11716449908231855,0.23634727537219288
rock,0.04476212877736564,-0.02277328232590078,0.017257295607311294,0.0012523697047599153,0.02803394060075628,0.007850110304241247,-0.07638256266854145
roll,0.08243032142614384,-0.0027711566786081227,0.05299435286694393,0.011434643286634332,-0.08973702423582092,-0.0630731576969876,0.008722021031657996
room,-0.11066965801837689,0.025037250491112856,-0.045282467915172854,0.11037286977797268,0.06556450221355646,-0.014005532720830273,-0.031016963828234503
round,0.027825059416561958,0.06920879055809585,0.016402047269900643,0.0653762009986467,-0.07669952067493904,0.03850115284560367,-0.14061373041388936
run,-0.018730163821977588,0.021418535981181878,-0.013012129581653643,0.023491198049592307,0.030068455433245288,-0.04965778679538373,0.006421890734990841
sad,-0.11847799807028109,0.047488307617644186,0.18437053062102435,0.1107918381181734,0.06093799247416333,-0.1759668390446855,-0.10914383171609912
said,-0.01695509237424982,-0.06500438671820848,0.01491534812873799,-0.0399478284308249,0.03146029904324643,0.03895796742028729,0.036573692930998894
same,-0.13596696221662222,-0.05627054649688428,-0.041409430245620826,-0.007543053362144762,0.04633808856331982,0.12029337051767855,0.07455853324025985
save,-0.24237547440182858,-0.017476290138461675,0.003198928021550103,-0.01681109766294083,0.1207523341320894,0.10488679057169294,0.047824809477875665
saw,0.09509881389534293,-0.07083380376394134,-0.1286470062169008,-0.08731386968229796,0.10265900609491205,0.02058495728317659,0.06845190238968227
say,0.008451580338429885,-0.047136052411526276,0.01588801758345617,0.013144057991782703,0.017717537449240782,-0.0331703849332674,0.025105243981871632
sea,-0.028059238807187598,0.11955691111572607,0.008087771109247095,0.013056816643258036,0.10105692036300623,0.12768932401874394,-0.34138850444274865
see,-0.07326404243096407,0.014132180517079027,0.03708082122202752,-0.019122112937334367,0.03507385536561898,0.05382960538313392,-0.047730307119591454
seem,-0.025591212719175777,0.0444815740328415,0.04622612303656842,-0.03100705745660378,0.09278374331926446,0.14625246979055265,-0.2731456400032998
seen,0.013793554831417063,0.023846372914602964,0.14838905446612918,-0.13396543331533367,0.05629273258829656,0.047886488441645156,-0.15624276992674507
send,-0.18729904347969029,-0.009023552564918016,-0.004453347500834013,0.02393915657341772,-0.024142929345414867,0.06292063202761668,0.13805908428978106
set,0.2033700236628752,0.10970437849768376,-0.10342154241177928,0.011275045285358255,-0.016296993096111434,-0.1876622614929984,-0.016968650444977394
sexi,-1.15050058355228,-0.8249232895000541,0.3221407277026082,0.3094750562329606,0.483237988020322,0.3978751755924348,0.46269492550368185
shake,0.23724141287042677,0.07527969934044626,-0.1909998914572695,0.013793637726999259,-0.015054385989138542,-0.059864038916657716,-0.06039643357481804
she,-0.047715378804755064,-0.0409521522251773,-0.01500969735969379,0.005865661562038916,0.03818906752664587,0.05996991630376456,-0.0003474170028640159
shine,-0.07511161100235987,-0.169852074195884,0.050547477428894885,0.12869768426961997,0.101493347585222,0.034172116535758267,-0.06994694062127298
shit,0.20807133840017988,-0.048007553173475034,-0.513480609499437,-0.10190956036382155,0.051396144421657346,0.24860714970191874,0.15532309051300563
should,-0.06634530304883494,-0.1984560490346523,0.08739924673638151,0.07800409765841076,0.041245286237225225,0.022761462984917564,0.03539125846655704
show,-0.424871643398133,-0.04170173130391032,0.1439961264566413,0.039272166694563536,0.12225455751878546,0.07761667579871494,0.08343384823335027
side,-0.19895490098247476,-0.08153727731864774,-0.02899753257981375,-0.03688030872643241,0.10118764944316612,0.13040019426623178,0.11478217589792356
sinc,0.5240655034690067,0.23159491327064088,0.0805653455905683,-0.12846435006059007,-0.03893209595362575,-0.22432816858053442,-0.4445011477355352
sing,-0.07205075698750317,-0.06700107592037553,0.038427332722439575,0.0320055165315344,0.011932550288531274,0.008486727165266635,0.048199706200144854
sit,0.20890593649873684,-0.17677641428013047,0.06825285694434424,-0.13241661832461257,0.09923184792617379,-0.06934111538235498,0.0021435066178299702
sky,-0.21937743708672838,-0.0019975109688450603,0.1974604901044344,-0.2536565600909627,0.134253746148721,0.10661196545109183,0.03670530644229206
sleep,-0.32344079548286536,0.08030149672541294,0.07332938857428593,0.11689175367080501,-0.008669351349463335,0.042421772324948495,0.019165735536847636
slow,0.36173840659449535,0.09417364881954106,-0.1347994785997311,-0.006506076125472018,-0.08855207092897796,-0.06779233847013762,-0.1582620912897738
smile,0.21079766262242888,-0.04191842690357759,0.03437107262649735,-0.07550622998541676,0.03412542939572635,0.05207928669688485,-0.21394879445255782
so,0.005582047177398006,-0.06742221168171822,-0.04527967970317199,0.017436546935806867,0.007472313245485018,0.057588814113861166,0.02462216991238918
some,0.04403290291465407,-0.0236565752311604,-0.011770137976971394,-0.00019686436009401227,-0.008819390091325874,0.04053254536831801,-0.040122480623392576
somebodi,-0.1403579880321895,0.03524676194470852,-0.013181984973136895,0.03112904292616946,0.03156544643695756,0.03512646907311645,0.020472252624382244
someon,0.2307180885645265,0.009531119961658603,0.03939164904290627,0.010714435907068647,-0.08782402860460221,-0.1400335220732876,-0.06249774279823842
someth,-0.14104240174925967,-0.031693744068343924,-0.04033563931684191,0.04468229423186924,0.06010946592372871,0.09682718379266111,0.011452841186224944
sometim,0.04844033762759029,-0.20288075295321345,-0.07720737831504759,-0.011797257303780105,0.08536462853623661,0.12157877461139384,0.03650164779688398
son,0.040694266210062134,0.19794127403379239,0.2183063986797239,0.19521179207249478,0.05231256141681734,-0.2750159348339335,-0.4294503575789731
song,-0.14580393733302752,0.04271984987038937,0.11354001624128021,-0.19241430968204387,-0.06545914995710093,0.11236664906338244,0.13505088179718547
soon,0.35797350399068534,-0.058025939216440864,0.044849776137072875,0.11369466140986803,-0.01714013789293389,-0.14999011728555636,-0.2913617471426724
sorri,0.24864961799578314,-0.33576002140336064,-0.09271599978416739,0.004165771380478842,-0.19810435428252685,0.13281494929218818,0.24095003680165802
soul,0.20683726204828132,0.033873441040302286,0.09022170508325815,-0.1258506696406749,0.06473067442648332,-0.0033345077988853433,-0.2664779051586905
sound,0.02113398966003155,0.07469375189719868,-0.09749577941646283,0.005350104133932754,-0.05598305384876349,-0.002930608003834975,0.05523159557788783
spend,0.025236812743028574,-0.006021786994204743,-0.06548383957784996,-0.08010527393664683,-0.023629162373654325,0.15913256427998573,-0.009129314140700171
stand,0.024971254586076203,0.07484197513398444,0.03754142489392537,0.11607823323832205,0.0012706980701639504,-0.09550335299974393,-0.15920023292271648
star,0.17857485716792065,-0.06124814917732297,-0.008324002687497232,-0.1826997506558868,-0.035714439471742104,0.0633155945928677,0.046095890231630805
start,0.07337414003149964,0.05154346434700547,0.04526823825195427,0.0644905786594015,-0.11795906320259109,-0.056599487977100654,-0.06011787011014064
stay,-0.04639326410529561,-0.0470549347897067,-0.020061500464278327,0.00580065969548282,-0.024314583564192003,0.04447714158838679,0.08754648163964489
step,-0.1528104741275086,-0.01502972604386643,0.07008092128992677,0.1416431690049817,0.16959321186027584,-8.098105478347711e-05,-0.21339612092905197
still,-0.13747787593203636,-0.1523788915129233,0.08224856959742846,0.012702090564662748,0.0711245166685951,0.06551351163691457,0.058268078977383904
stop,-0.16131628332708225,-0.0031622186305176685,-0.016675628126395142,0.07057849996530946,0.03422798713692688,0.051151652221439234,0.025195990760331872
street,0.3046447877133171,0.3528522076643508,0.1612346360423276,0.21508764474657047,-0.2920228486764714,-0.2115197449213428,-0.5302766825688541
strong,-0.18891970531701566,-0.029427525959347587,0.04314426271207411,0.11668761460865192,0.22026444776923362,-0.11090531966950674,-0.0508437741440832
such,0.060872477920292586,-0.10547440721434004,0.009291209645047172,0.005002656292658236,-0.09099684612377273,0.08107170114895541,0.04023320833112373
sugar,0.16441830914351444,0.11348256060577819,-0.0195087779434095,-0.008876156875156069,-0.08903350569279199,-0.11376973842632303,-0.0467126908116505
summer,-0.5802882417594007,0.0677504392323697,-0.028435443767659094,0.19824200347400162,0.13172648173732432,0.06420520322345467,0.1467995578599861
sun,-0.03386242709277176,-0.06569322951787765,-0.014620176592210397,0.02583028156969672,0.005519547683262933,0.0092627219300846,0.07356328201981784
sure,0.13794465114138502,0.16172485567459646,0.17874084264437004,-0.04185265658432051,0.16760840726798593,-0.27300832082367577,-0.33115777932031193
sweet,-0.019854927106998654,-0.014235082577810873,0.0794371888148419,-0.10547667076785262,0.058218628002508176,0.03449711410177377,-0.032586250466442195
take,-0.05560582512452631,0.006752871905902335,0.05779755434469017,0.030514960584559575,-0.008752561196892869,-0.018146770851410275,-0.012560229662321537
talk,-0.03263872015323406,-0.12879656625830999,0.03860344040750356,0.08241564123741846,0.020948434009457836,-0.03471692136392459,0.05418469212106296
tear,-0.10447986344159191,0.09712703041513535,-0.026645767660472126,-0.05703907722961608,0.04101129620358505,0.05187037996184665,-0.0018439982488587727
tell,-0.0700678154460548,0.0495696170350112,0.01735268012373337,0.06105307116315447,-0.027536736605461704,-0.038276689335716416,0.007905873065380774
than,-0.10562892813228741,0.07315740496225605,0.005236423037519416,-0.0016314652128730839,-0.038918299332913665,0.004963733330439565,0.06282113134785607
thank,0.017733209747270575,-0.11975157725123742,0.045730253756068616,-0.0028824934693547338,0.0998422254210013,0.020820984272105044,-0.061492602475867915
that,0.09528115328454222,-0.011922031331911146,-0.0481795314708706,-0.04570418868378677,0.013814784542854114,-0.010829467221960013,0.0075392808811257615
the,-0.004440956298559767,0.008925337230974408,-0.0006910451074602762,0.011371671184604248,0.003910555354012573,-0.010508467841832129,-0.00856709452160125
their,-0.0642029317277383,0.304339414404368,0.09504983923403866,0.10418354067602996,0.06313475307197812,-0.026395595051961075,-0.476109020606662
them,-0.32326528502298396,-0.044617058170616314,0.07899792177350719,-0.009139883239890872,0.0623121712228493,0.10886078566185749,0.12685134777525178
then,0.07699054164859734,-0.03712300979517159,-0.07255308940447427,-0.04660969722152699,-0.05068780220827277,0.09267952186462941,0.03730353511619377
there,-0.045231690122811904,0.058851771418625805,0.031703681021185454,0.028835804219593194,0.004169797780793939,-0.01931634248169447,-0.059013021835688885
these,0.06865962806042503,-0.10419085583510661,-0.16080671257450688,-0.04041358906798436,0.0907283948962338,0.019894065012707695,0.12612906950829647
they,0.058807211990904634,-0.042841019821688614,0.016559278012818625,0.07018705885704037,-0.06797675097532328,-0.036567450114727035,0.001831672050948684
theyr,0.13942879860101653,0.005941217274170887,-0.134529611456616,-0.06858288867748094,0.06445999087188763,0.08133302433293153,-0.08805053094589509
thi,-0.023668048370390264,-0.08519409566331065,-0.06535168055042927,0.017948407669157822,0.017273714110092753,0.06899012189187385,0.0700015809130018
thing,0.010547364549651722,-0.07562898948094507,-0.017947225579002482,0.01993152360165637,0.015113705947739295,0.04204456882454293,0.005939052136369515
think,-0.020830577531991783,0.041367761883146836,0.03846383275391173,-0.03978241543943549,0.002445318960402307,0.006958123874445059,-0.028622044500498326
those,-0.103395953168606,-0.09418636885998664,0.12770139084778512,0.03587204627116135,0.022784711518809585,0.11781096414307951,-0.10658679075226599
though,0.5987667985561412,0.13994751763271493,0.093953948208018,-0.114319463560858,-0.34474743833815946,-0.23716886699118747,-0.1364324955066745
thought,-0.349279510809531,0.046962854209612874,0.041193407513358135,0.11418016845908241,0.14623906509523862,0.11900448494466855,-0.118300469412492
three,0.6560137854561076,-0.3039109522041885,-0.032918496597225275,-0.45324531222668313,-0.1305590243139282,0.35064498330185045,-0.08602498341617182
through,0.0036638098967143535,-0.029285706732003713,0.0644454261799545,0.02601914339676308,-0.03291994977233484,0.0053828839612035636,-0.037305606930310015
throw,0.2761464841648643,-0.10580167938920858,0.058920121165172916,-0.050656540649556804,-0.11843447780828335,-0.09771415989573524,0.03754025241275719
tight,0.27459504482558666,0.3501167689544988,0.10501767843656855,0.11879227552911967,-0.030958197404344644,-0.36114127890558634,-0.45642229143589214
til,-0.26014225314423756,0.04979703914998598,0.10224742067708831,-0.07594741670844556,-0.05444144429017525,0.06942204182926066,0.16906461248657595
till,0.15236605494084013,0.025154333183418778,0.04336999382721902,-0.12205898580028576,0.11775345018524007,-0.041823066465511996,-0.1747617798709498
time,-0.13632142971296277,0.010065380260909505,0.04870449070657722,0.02180994895677804,0.040859428016760374,-0.019274783350144414,0.034156965122075986
to,0.011376776548821412,0.03928003658470897,-0.005060085399011399,0.006154412401162545,0.0025106900733138753,-0.007325623170684623,-0.04693620703839793
today,0.018252178889070218,0.16185237860579615,-0.16737935297807355,-0.036787859415376004,-0.0679813961787852,0.12262205257734501,-0.03057800149998069
togeth,0.007473631676983332,0.08240250547786597,0.18586629057881138,0.11807904850155602,-0.06378215886332757,-0.1368784546591664,-0.1931608627127238
told,0.04825499701974643,0.0729915403346015,-0.11479741941820065,0.010961919274113526,-0.21565801276210353,0.07907757664479746,0.11916939890709283
tonight,0.11266799759967701,-0.10508852237965192,-0.07057844724301675,0.06029033355928695,-0.015493244592089851,-0.010267212132304379,0.02846909518805472
too,0.026506803462709394,0.030838819749567536,0.022916052768070724,0.011331851532317472,-0.03340383721090572,-0.04721233232324269,-0.010977357978537402
took,-0.2560330899593547,-0.024391639976895738,0.14945602967531407,0.14468189354658917,-0.138566897936522,0.0780866859854401,0.04676701866546889
top,0.5006763536821068,-0.22461875091571212,-0.06096789188831888,-0.12365864695652809,-0.1939168477801938,0.02204809696938795,0.0804376868893437
touch,-0.09360628594130024,-0.0023600094473308253,-0.057219392093075104,0.13724243858206275,0.0818449249453825,-0.02744746774971389,-0.0384542082960284
town,0.23345434489840525,-0.013694982074076283,0.07947862001289599,0.017763365899287818,-0.05494374156107597,-0.020463245235924386,-0.24159436193949024
tri,-0.046016177113706244,-0.02814664664638586,0.023987926465415758,-0.0708315360595788,0.008059516784133223,0.048791921395023745,0.06415499517511607
true,0.2356558493099873,0.14408992871138124,-0.20226621543865433,0.012318415468673637,-0.014051684342538801,-0.04365600190818569,-0.13209029180072837
turn,-0.14391491868742062,0.03349987948358594,-0.06838193046544139,0.07115536212906236,0.03905192598262473,0.08175945755047816,-0.013169775992817403
two,-0.19053682355987514,0.14720208530500536,-0.06636489668103614,0.15103492755435152,0.090125744666229,-0.08211984913160308,-0.04934118815311101
uh,-0.22555159783943093,0.07817146639280863,0.05434219411588559,-0.07105772255426018,-0.0036631830091577396,0.1047431419933159,0.06301570090081784
under,-0.013657378783169232,0.00010809246616417648,-0.03916562032934524,0.017671536828123818,-0.07192537470472314,-0.022247923628270747,0.12921666815117913
understand,-0.6248654595789801,-0.012063595260937334,0.20833823114871194,0.163375281966797,0.18047753579675038,-0.04436498742095586,0.12910299334876538
until,0.1313206062039769,-0.1749240015287861,0.08744463714699494,0.03246465758164708,-0.0342874728884553,-0.018267072533029245,-0.023751353982303706
up,-0.025392778131097013,-0.04357087083028952,-0.022967199602586925,0.011456783535974374,-0.02102435688026844,0.026579602980283685,0.07491881892801627
us,-0.03210203425062111,-0.044298704889051195,0.05743730959579735,0.028656033805188764,0.01169803404770634,-0.028981132117914386,0.007590493808908618
use,-0.0552280710048569,0.06662220150184833,0.06104157505555729,0.010377004143357158,0.007205995619182696,-0.05677202569554451,-0.033246679619522546
veri,0.4494909422018259,0.29467203340323267,0.29152410498570624,0.050383249970743116,-0.007734604406459557,-0.4503032720546424,-0.628032454100351
wa,0.013612420949595087,-0.027141914266421988,-0.00150008853344539,0.047238997123318846,0.004194585828706378,-0.011634001761392542,-0.02476999934035556
wait,-0.0844711210272382,0.04393927222927309,-0.16491572232455085,0.00020679181110395836,0.014423074942537951,0.10277506984844371,0.08804263452040452
wake,0.1714022971646553,0.14832107501884276,-0.3676413540464802,0.04213681040801454,-0.0028907946969477074,0.03699397050007901,-0.02832200434823508
walk,0.030499007291773638,0.006571732158108234,0.006977585673353563,-0.0003043825290117517,0.054330292455311166,0.009883666666956661,-0.10795790171648272
wanna,-0.05817991174884539,-0.05515203671846021,-0.06270250302064534,-0.0021666396932083884,0.07560291422922473,0.040389881193275065,0.062208295758644026
want,-0.15211693870946927,-0.04339417025894244,-0.012029894083868748,0.05662638939677333,0.048398114013957154,0.035176236322629624,0.06734026331894229
watch,-0.056639431888161625,0.10518576375039299,-0.13407424225396045,-0.01857585102977167,0.005977080585785975,0.0447700105616949,0.053356670273976635
way,-0.08278704592086024,-0.013075104871023903,0.019207028560317963,-0.028596066389430595,0.055859480070249726,0.024248528188248793,0.02514318036249627
we,-0.039849494310036454,-0.09949461294134207,-0.0101341665118485,0.014871122100562165,0.026321431415653247,0.020148042392928583,0.08813767785409148
well,0.19330120962079878,0.04537938813293266,-0.03074040256615486,-0.051486201165912,-0.021133911536869006,-0.049285560513515694,-0.08603452197128793
went,0.32735060232846314,0.1282237655110231,-0.1837931820446599,-0.16397374116698799,-0.08681206763628958,-0.020721317568089148,-0.00027405942354362487
were,-0.0957200452770872,-0.008922185388969725,-0.010423093208540507,0.0031952876266024117,0.032638959705308744,0.008429533742178271,0.07080154280047417
weve,-0.2061628703592684,-0.2889883957490868,0.13422088673913002,0.10528950630224342,0.2288814211820617,-0.007996847401314854,0.034756299286278866
what,0.002810750189880364,0.007072160231022642,-0.027233504448190612,-0.006627122038474892,0.001694002796189452,0.041681569568270044,-0.01939785629868607
when,0.04966752510777289,-0.008657675726496596,-0.07225086964424372,-0.010299977830116094,0.009045859361015929,-0.01049838300787531,0.0429935217399514
where,-0.07852347274211198,0.03989842928008131,-0.0626404805582018,-0.044645426391138075,0.020110814215686227,0.09562448034177001,0.030175655853940612
whi,0.04588869142098159,-0.017882017648522982,-0.05714404583640035,0.03341504726226578,0.00011522549471410647,0.022667637845267277,-0.027060538538310374
while,-0.09922865268810015,0.12086449698404846,0.006541516532606204,0.03856620518653623,-0.021227755406981373,0.004481659599423339,-0.049997470207557716
who,0.007104941410789626,-0.014488503211331593,-0.04055659088262878,0.015854025261587325,-0.020481716002976588,0.0308447970842666,0.021723046340306196
whoa,-0.1146275904474996,0.05004469325930463,0.020501582400552353,0.02658452506611215,0.013780872164875745,0.05140967854791185,-0.047693760991223515
whole,0.2592336738968941,0.07434724324752362,-0.06150976211334169,-0.18386595461536676,-0.18819826914818574,0.01630350103326982,0.08368956769908135
wild,-0.02539022140549984,0.06659957569978736,0.04734601104947696,0.04411131710311838,-0.02040445912340546,-0.1300222702864123,0.01776004696296575
will,0.0806595638572238,-0.055603074252197585,0.002961594957252782,-0.022143096855495585,0.059383358849588945,-0.008527061412788663,-0.05673128514355988
wind,0.07695051056385802,0.027003669664690807,0.05248190830450557,0.09846191377138178,0.031100595985969207,-0.2806035888365167,-0.005395009453900262
wish,-0.15055876372127922,0.043603531087608685,-0.008998986601187574,0.01305801734837913,-0.02674420113048021,0.03753529581034876,0.0921051072066137
with,0.020119425544862464,-0.005831173430547136,0.004752151858225532,-0.007938353799145797,0.00034266091059462716,-0.006412043423393955,-0.005032667660611316
without,0.08023418215741622,-0.3143617836928233,0.10173838552394877,0.0024421543965572946,-0.019950985864058836,0.06546668241882606,0.08443136506017841
woah,0.249206447202593,0.055893048625584786,-0.28226443462513295,-0.019917607003442996,-0.19027923108559378,0.04061686493403623,0.14674491195197656
woman,-0.09869666328068608,0.09769372503749511,0.09015919253729685,-0.04079638207767484,0.060204726611331444,-0.01584685294540242,-0.09271774588232601
wonder,0.08714559070289195,-0.16556177368121497,0.06061661502125288,0.054301576283337795,-0.003942009463962657,0.13047387373003616,-0.16303387259229785
wont,-0.34387315993024953,-0.012157792324256568,0.07755406223222183,0.12639869091721567,0.08331617221711916,0.04961488274556491,0.01914714414233493
woo,0.14879080796492897,-0.28402008087244807,0.2667243532757604,0.04206751500042606,-0.411630255937173,-0.07343602826354424,0.3115036888321049
word,-0.37163394141465506,0.062469242578669745,-0.12359696668583281,0.1270311407527224,0.19552962520347256,0.14344332672139393,-0.03324242715590684
work,0.025678778965650125,0.06776325006393573,0.03418367012994094,-0.0034165520631419663,-0.06250291423585916,-0.04577131860445756,-0.015934914256072602
world,-0.15911214237432555,-0.06073332645895914,0.030007212678860577,0.04034576758799345,0.03957704367419016,0.043120378344793424,0.06679506654739727
worri,-0.32833447089356116,0.08309882658517162,0.11393414910119282,0.1681656252122446,0.02868677113897746,-0.03624348837233127,-0.02930741277157779
would,-0.11577530950674339,0.09199752704119915,-0.03194199991706384,-0.037842662032221364,0.05251593706137612,0.022401284292197825,0.018645223061256797
wrong,-0.2445784235830023,-0.024887056201996306,0.08549386320022886,-0.0033709421356007078,0.08652524869746729,0.020093986086295545,0.08072332393661134
ya,0.039601268152575295,0.009629950964552212,0.057033888160986215,-0.2710319483688611,0.07365540370646717,0.03156370108865519,0.0595477362955353
yall,0.46419966583016137,0.33831853903666925,-0.17961572557959019,-0.8559652346177367,0.20195044817373245,0.19517190273931034,-0.1640595955826839
ye,0.14096127498220964,0.2029132918897067,0.1376121072525847,-0.08879801652197963,-0.09971608004247504,-0.10153661276755858,-0.1914359647924787
yeah,-0.05422585555017634,0.010200800700879755,-0.032396801877305086,0.002946656466100514,0.025866955087031022,0.007789712546046511,0.0398185326274134
year,0.035338052594906015,-0.03650835222396906,0.0324727116811032,0.08241465693717659,-0.003021431624184133,-0.17891062020802956,0.06821498284299865
yo,-0.06490205116726173,-0.010973278485956946,0.02501356875980519,-0.13428897156282088,0.1124419003866799,0.0530555208593243,0.019653311210240727
you,0.00398730655215573,-0.03132950288832783,-0.010655240343128912,0.012950337527767468,-0.005674437382900791,0.017571996039733043,0.013149540494704987
youd,0.0781445145227815,0.05650819743007133,0.14768069492784744,-0.022989786066093237,-0.06975904808707747,-0.1459053809164099,-0.043679191811109803
youll,0.05200321343025719,0.03745652778133684,-0.13143325615388388,-0.12324291568104626,0.06476523982232457,0.021538513260850174,0.07891267754017252
young,-0.04906295977932584,-0.11643033277218039,0.21336689187977478,0.0569192854249638,-0.3696869023182607,-0.03474102395735212,0.2996350415224115
your,-0.03425360893957728,-0.060342641403732536,0.02176523281905988,0.015187019027008,0.019806999281424077,0.01830993821123634,0.019527061004587908
yourself,-0.0940958934429413,-0.0321564285104888,0.10645535366788311,-0.10781416289797173,0.029190346151384466,0.06285342829378197,0.035567356738330766
youv,-0.04166807151120679,-0.08720206421883987,-0.0083678742236985,0.022489071348371182,0.07373350029423331,-0.0009827053478509995,0.04199814365900244
